{
  "accuracy": [
    0.23645496368408203,
    0.4890563189983368,
    0.6031575202941895,
    0.6379619836807251,
    0.6709723472595215,
    0.7100825309753418,
    0.6867599487304688,
    0.7423753142356873,
    0.7761033177375793,
    0.786867618560791,
    0.8012199401855469,
    0.8252601623535156,
    0.8123430013656616,
    0.8080373406410217,
    0.8266953825950623,
    0.8252601623535156,
    0.8550412654876709,
    0.8439182043075562,
    0.8600645661354065,
    0.8568353056907654,
    0.8457122445106506,
    0.8360244035720825,
    0.861858606338501,
    0.8722640872001648,
    0.8711876273155212,
    0.8805167078971863,
    0.8780050277709961,
    0.8941513895988464,
    0.8898457288742065,
    0.8729817271232605,
    0.885181188583374,
    0.8866164088249207,
    0.888769268989563,
    0.8919985890388489,
    0.9020451903343201,
    0.8970218896865845,
    0.9081449508666992,
    0.915679931640625,
    0.9070685505867004,
    0.905274510383606,
    0.9020451903343201,
    0.9167563915252686,
    0.9174739718437195,
    0.9167563915252686,
    0.9142447113990784,
    0.9214208722114563,
    0.9178327918052673,
    0.9038392305374146,
    0.9260854125022888,
    0.9264442324638367
  ],
  "loss": [
    4.033299446105957,
    2.302271842956543,
    1.74508535861969,
    1.5064671039581299,
    1.350995421409607,
    1.1531708240509033,
    1.2409542798995972,
    0.9971609115600586,
    0.8614152669906616,
    0.8001521229743958,
    0.7428397536277771,
    0.6535509824752808,
    0.6692886352539062,
    0.6971026659011841,
    0.6250298023223877,
    0.6040595769882202,
    0.5261698961257935,
    0.5637069940567017,
    0.5043118596076965,
    0.47593042254447937,
    0.5322771072387695,
    0.567681610584259,
    0.47230666875839233,
    0.46512913703918457,
    0.4346686899662018,
    0.3961692750453949,
    0.4191868305206299,
    0.3608483672142029,
    0.3660290539264679,
    0.4120252728462219,
    0.39624229073524475,
    0.37729063630104065,
    0.36854249238967896,
    0.35236436128616333,
    0.3520142436027527,
    0.33887192606925964,
    0.31099313497543335,
    0.27320101857185364,
    0.29350990056991577,
    0.3012896776199341,
    0.3303932547569275,
    0.2709999680519104,
    0.29019197821617126,
    0.2764666974544525,
    0.27659928798675537,
    0.2758987843990326,
    0.25896155834198,
    0.31391382217407227,
    0.2450578361749649,
    0.2460954636335373
  ],
  "val_accuracy": [
    0.011705685406923294,
    0.05518394708633423,
    0.5518394708633423,
    0.6471571922302246,
    0.7692307829856873,
    0.8193979859352112,
    0.8311036825180054,
    0.8545150756835938,
    0.8578595519065857,
    0.7508361339569092,
    0.8695651888847351,
    0.8645485043525696,
    0.7558528184890747,
    0.8494983315467834,
    0.8177257776260376,
    0.8678929805755615,
    0.8829431533813477,
    0.4147157073020935,
    0.8645485043525696,
    0.6053511500358582,
    0.692307710647583,
    0.8795986771583557,
    0.9180601835250854,
    0.6170568466186523,
    0.9046822786331177,
    0.909699022769928,
    0.9113712310791016,
    0.909699022769928,
    0.782608687877655,
    0.9113712310791016,
    0.9013378024101257,
    0.9197324514389038,
    0.8645485043525696,
    0.9214046597480774,
    0.9063544869422913,
    0.9247491359710693,
    0.9297658801078796,
    0.928093671798706,
    0.928093671798706,
    0.931438148021698,
    0.909699022769928,
    0.931438148021698,
    0.9364548325538635,
    0.6371237635612488,
    0.5602006912231445,
    0.9364548325538635,
    0.931438148021698,
    0.8862876296043396,
    0.928093671798706,
    0.931438148021698
  ],
  "val_loss": [
    5.270169258117676,
    4.163385391235352,
    2.132786273956299,
    1.532015323638916,
    0.8678435683250427,
    0.7042782306671143,
    0.6181462407112122,
    0.5193140506744385,
    0.5035658478736877,
    1.724149465560913,
    0.41708528995513916,
    0.5094772577285767,
    1.3630315065383911,
    0.5016992688179016,
    0.7452442049980164,
    0.41443923115730286,
    0.40679505467414856,
    13.312596321105957,
    0.7959277033805847,
    4.409103870391846,
    3.922213077545166,
    0.48085930943489075,
    0.28994378447532654,
    5.161911964416504,
    0.3521837592124939,
    0.29171741008758545,
    0.3160644769668579,
    0.280480295419693,
    1.2354522943496704,
    0.2764345109462738,
    0.3083341121673584,
    0.2696130871772766,
    0.534648060798645,
    0.25380998849868774,
    0.30048123002052307,
    0.2266906499862671,
    0.22940467298030853,
    0.2975766658782959,
    0.21710628271102905,
    0.21558089554309845,
    0.2746332883834839,
    0.24289348721504211,
    0.2067156583070755,
    6.434006690979004,
    7.479363918304443,
    0.22194728255271912,
    0.22496634721755981,
    0.4470394551753998,
    0.22093802690505981,
    0.21794486045837402
  ],
  "learning_rate": [
    0.0010000000474974513,
    0.0010000000474974513,
    0.0010000000474974513,
    0.0010000000474974513,
    0.0010000000474974513,
    0.0010000000474974513,
    0.0010000000474974513,
    0.0010000000474974513,
    0.0010000000474974513,
    0.0010000000474974513,
    0.0010000000474974513,
    0.0010000000474974513,
    0.0010000000474974513,
    0.0010000000474974513,
    0.0010000000474974513,
    0.0010000000474974513,
    0.0010000000474974513,
    0.0010000000474974513,
    0.0010000000474974513,
    0.0010000000474974513,
    0.0010000000474974513,
    0.0010000000474974513,
    0.0005000000237487257,
    0.0005000000237487257,
    0.0005000000237487257,
    0.0005000000237487257,
    0.0005000000237487257,
    0.0005000000237487257,
    0.0005000000237487257,
    0.0005000000237487257,
    0.0005000000237487257,
    0.0005000000237487257,
    0.0005000000237487257,
    0.0005000000237487257,
    0.0005000000237487257,
    0.0005000000237487257,
    0.0005000000237487257,
    0.0005000000237487257,
    0.0005000000237487257,
    0.0005000000237487257,
    0.0005000000237487257,
    0.0005000000237487257,
    0.0005000000237487257,
    0.0005000000237487257,
    0.0005000000237487257,
    0.0005000000237487257,
    0.0005000000237487257,
    0.0005000000237487257,
    0.0002500000118743628,
    0.0002500000118743628
  ]
}